time,temp
0.0,26.441621666666666
129.20000674,26.441621666666666
827.20004314,44.5419337343564
1591.33341633,44.5419337343564
