time,temp
0.0,26.468071666666663
82.93333766,26.468071666666663
708.53337029,48.73256281906461
1459.06674276,48.73256281906461
