time,temp
0.0,26.228991166666667
97.20000507,26.228991166666667
532.00002775,68.24476554525175
1245.7333983,68.24476554525175
